Workbook

Sheet Вопросы
A1: id | B1: Вопрос | C1: ПД | D1: Пак | E1: Грань | F1: Отношения | G1: Другие игроки
A2: 1 | B2: Выебал(а) бы *PLAYER*? | C2: Правда | D2: Спайси | E2: =Грани!A3 -> Обычный | F2: Нет | G2: 1 | I2: Правд | J2: =COUNTIF($C$2:$C$1000,"Правда") -> 49
A3: 2 | B3: Набирай на телефоне *PHONE_NUM* и говори: «Я тут подъехал(а), жду вас». | C3: Действие | D3: Другие люди | E3: =Грани!A2 -> Целочка | F3: Да | G3: 0 | I3: Действий | J3: =COUNTIF($C$2:$C$1000,"Действие") -> 54
A4: 3 | B4: Открывай галерею, начинай быстро листать фотки перед игроками. Останавливаешься, когда тебе говорят «Стоп». | C4: Действие | D4: Личное-публичное | E4: =Грани!A3 -> Обычный | F4: Да | G4: 0 | I4: Обычный | J4: =COUNTIF($D$2:$D$1000,I4) -> 33
A5: 4 | B5: Садишься на колени к *PLAYER* и сидишь 5 минут, по таймеру. | C5: Действие | D5: Спайси | E5: =Грани!A3 -> Обычный | F5: Нет | G5: 1 | I5: Личное-публичное | J5: =COUNTIF($D$2:$D$1000,I5) -> 16
A6: 5 | B6: Поцелуй с *PLAYER*. Нормальный поцелуй. Минута. Таймер. | C6: Действие | D6: =Паки!A5 -> Горячий | E6: =Грани!A4 -> Полный раж | F6: Нет | G6: 1 | I6: Спайси | J6: =COUNTIF($D$2:$D$1000,I6) -> 12
A7: 6 | B7: Включи последнюю песню, которая играла на телефоне. | C7: Действие | D7: =Паки!A2 -> Обычный | E7: =Грани!A2 -> Целочка | F7: Да | G7: 0 | I7: Горячий | J7: =COUNTIF($D$2:$D$1000,I7) -> 17
A8: 7 | B8: Отправляй смс-ку «С днем рождения!» на *PHONE_NUM*. | C8: Действие | D8: =Паки!A9 -> Другие люди | E8: =Грани!A2 -> Целочка | F8: Да | G8: 0 | I8: Нижний мир | J8: =COUNTIF($D$2:$D$1000,I8) -> 12
A9: 8 | B9: Попробуй потверкать. | C9: Действие | D9: =Паки!A2 -> Обычный | E9: =Грани!A3 -> Обычный | F9: Нет | G9: 0 | I9: Улица | J9: =COUNTIF($D$2:$D$1000,I9) -> 5
A10: 9 | B10: Самый глупый поступок в твоей жизни? | C10: Правда | D10: =Паки!A2 -> Обычный | E10: =Грани!A2 -> Целочка | F10: Да | G10: 0 | I10: Безграничная улица | J10: =COUNTIF($D$2:$D$1000,I10) -> 4
A11: 10 | B11: Засунь руку в карман к *PLAYER*. Сидите так 10 минут. Задания выполнять тоже так. Вынимать нельзя. | C11: Действие | D11: =Паки!A4 -> Спайси | E11: =Грани!A3 -> Обычный | F11: Нет | G11: 1 | I11: Другие люди | J11: =COUNTIF($D$2:$D$1000,Паки!A9) -> 4
A12: 11 | B12: Читай последнее отправленное сообщение вслух. Если это кружок или голосовое — включаешь. | C12: Действие | D12: =Паки!A3 -> Личное-публичное | E12: =Грани!A2 -> Целочка | F12: Да | G12: 0
A13: 12 | B13: Соси палец *PLAYER*, как будто это член. | C13: Действие | D13: =Паки!A5 -> Горячий | E13: =Грани!A4 -> Полный раж | F13: Нет | G13: 1
A14: 13 | B14: Стрельни сигарету. Курить не обязательно. | C14: Действие | D14: =Паки!A7 -> Улица | E14: =Грани!A3 -> Обычный | F14: Да | G14: 0
A15: 14 | B15: Обними дерево. Объединись с природой. | C15: Действие | D15: =Паки!A7 -> Улица | E15: =Грани!A2 -> Целочка | F15: Да | G15: 0
A16: 15 | B16: Попроси у прохожих любую сумму денег. | C16: Действие | D16: =Паки!A7 -> Улица | E16: =Грани!A4 -> Полный раж | F16: Да | G16: 0
A17: 16 | B17: Были серьезные мысли о том, чтобы кого-то убить? Никаких шуток. | C17: Правда | D17: =Паки!A6 -> Нижний мир | E17: =Грани!A3 -> Обычный | F17: Да | G17: 0
A18: 17 | B18: Делишь людей на категории? | C18: Правда | D18: =Паки!A6 -> Нижний мир | E18: =Грани!A3 -> Обычный | F18: Да | G18: 0
A19: 18 | B19: Ложишь прямо на землю там, где проходят люди и смотри YouTube. Делай вид, что прям кайфуешь от происходящего. | C19: Действие | D19: =Паки!A8 -> Безграничная улица | E19: =Грани!A4 -> Полный раж | F19: Да | G19: 0
A20: 19 | B20: Маленькими укусами пройди от мочки уха *PLAYER* до ключиц. | C20: Действие | D20: =Паки!A5 -> Горячий | E20: =Грани!A4 -> Полный раж | F20: Нет | G20: 1
A21: 20 | B21: Лизни кончик носа *PLAYER*. | C21: Действие | D21: =Паки!A5 -> Горячий | E21: =Грани!A3 -> Обычный | F21: Нет | G21: 1
A22: 21 | B22: Ты ложишься на бок, а *PLAYER* обнимает тебя сзади, обязательно закидывая на тебя руку и ногу. 10 минут. Если за столом, тогда ты садишься на *PLAYER*, прямо лицом к лицу. | C22: Действие | D22: =Паки!A5 -> Горячий | E22: =Грани!A4 -> Полный раж | F22: Нет | G22: 1
A23: 22 | B23: Когда ты последний раз радовался чужой неудаче? Почему? | C23: Правда | D23: =Паки!A6 -> Нижний мир | E23: =Грани!A3 -> Обычный | F23: Да | G23: 0
A24: 23 | B24: Какой недостаток *PLAYER* тебя раздражает сильнее всего? | C24: Правда | D24: =Паки!A6 -> Нижний мир | E24: =Грани!A3 -> Обычный | F24: Да | G24: 1
A25: 24 | B25: Без шуток. Тебе звонит *PLAYER* и плачет, говорит, что убил(а) человека. Свидетелей нет, все сделано аккуратно, но нужно помочь избавиться от тела. Поедешь? | C25: Правда | D25: Нижний мир | E25: =Грани!A3 -> Обычный | F25: Да | G25: 1
A26: 25 | B26: Событие, которое разделило твою жизнь на ДО и ПОСЛЕ? | C26: Правда | D26: =Паки!A2 -> Обычный | E26: =Грани!A3 -> Обычный | F26: Да | G26: 0
A27: 26 | B27: Самый уродливый человек, с которым ты спал(а). Не забудь про историю знакомства. | C27: Правда | D27: Спайси | E27: Обычный | F27: Да | G27: 0
A28: 27 | B28: Когда-нибудь дрочил(а) вне дома? Где? | C28: Правда | D28: Спайси | E28: Обычный | F28: Да | G28: 0
A29: 28 | B29: Заходи в кафе или магазин и спроси какой сейчас год. Внимательно посмотри на человека и отворачиваясь и уходя скажи «Работает!». | C29: Действие | D29: Улица | E29: Целочка | F29: Да | G29: 0
A30: 29 | B30: Последний раз, когда ты плакал(а). Почему? | C30: Правда | D30: Нижний мир | E30: Целочка | F30: Да | G30: 0
A31: 30 | B31: Расскажи о последнем предательстве или пренебрежении, которое было у тебя в жизни | C31: Правда | D31: Нижний мир | E31: Целочка | F31: Да | G31: 0
A32: 31 | B32: Какие у тебя фетиши? Выкладывай. | C32: Правда | D32: Горячий | E32: Обычный | F32: Да | G32: 0
A33: 32 | B33: На что ты последний раз мастурбировал(а)? Детали. | C33: Правда | D33: Горячий | E33: Полный раж | F33: Нет | G33: 0
A34: 33 | B34: Что тебе снилось в последний раз? | C34: Правда | D34: Обычный | E34: Целочка | F34: Да | G34: 0
A35: 34 | B35: Какая была твоя самая гомосексуальная мысль? (Либо гетеросексуальная, если ты уже смешарик). | C35: Правда | D35: Спайси | E35: Обычный | F35: Нет | G35: 0
A36: 35 | B36: Выкопай ямку и закопай туда любой предмет, а затем нарисуй карту сокровищ. | C36: Действие | D36: Улица | E36: Обычный | F36: Да | G36: 0
A37: 36 | B37: Подойди к незнакомцу и заговори с ним. На любую тему. | C37: Действие | D37: Безграничная улица | E37: Обычный | F37: Да | G37: 0
A38: 37 | B38: Кого ты больше всего не любишь в этой комнате? | C38: Правда | D38: Нижний мир | E38: Целочка | F38: Да | G38: 0
... A104: 103 | B104: Покажи последние пять покупок на OZON, WB или другом маркетплейсе. | C104: Действие | D104: Личное-публичное | E104: Целочка | F104: Да | G104: 0

Sheet Паки
A1: Паки | B1: Суть
A2: Обычный | B2: Стандартные задания и вопросы, немного неловкие, но ничего страшного
A3: Личное-публичное | B3: Задания, связанные с более личными вещами. Включают в себя показ контента с ваших устройств.
A4: Спайси | B4: Задания и вопросы, связанные с двусмысленным намеками, небольшим взаимодействием с перчинкой между игроками
A5: Горячий | B5: Задания и вопросы, связанные с прямым полуэротическом взаимодействием в виде поцелуем, объятий, частичной наготы
A6: Нижний мир | B6: Вопросы, раскрывающие вашу подноготную.
A7: Улица | B7: Вопросы и действия, учитывающие, что игра ведется на улице. Лайтовые, просто на улице
A8: Безграничная улица | B8: То же, что и улица, но вам будет немного стыдно.
A9: Другие люди | B9: Действия, допускающие взаимодействие с людьми вне игры, по телефону.

Sheet Грани
A1: Грани | B1: Ур | C1: Описание
A2: Целочка | B2: 0 | C2: Самый скучный, как и вы. Никаких более-менее сложных заданий. Нет прикосновений. Нет взаимодействий
A3: Обычный | B3: 1 | C3: Название говорит само за себя. Есть взаимодействия и прикосновения, но совсем легкие
A4: Полный раж | B4: 2 | C4: Нет ограничений. Делайте со мной что хотите.

Sheet Действия
A1: Действие | B1: Описание
A2: Правда | B2: Обычная правда
A3: Действие | B3: Обычное действие
